{
  "label": "hotpot_bgeen_qwen2_5_1b5_spacy_qs",
  "relationship_type": "pen2ans_hotpot_bgeen_qwen2_5_1b5_spacy_qs",
  "directed": false,
  "created_at": "2026-05-16T15:19:29",
  "node_count": 490,
  "edge_count": 1660,
  "neo4j_node_count": 490,
  "neo4j_relationship_count": 2036,
  "max_possible_edges": 119805,
  "density": 0.013855849088101498,
  "average_degree": 6.775510204081633,
  "min_degree": 0,
  "max_degree": 26,
  "median_degree": 6.0,
  "degree_histogram": {
    "0": 8,
    "2": 7,
    "3": 30,
    "4": 60,
    "5": 88,
    "6": 94,
    "7": 67,
    "8": 43,
    "9": 23,
    "10": 11,
    "11": 18,
    "12": 8,
    "13": 4,
    "14": 8,
    "15": 5,
    "16": 3,
    "17": 3,
    "18": 3,
    "19": 1,
    "20": 1,
    "21": 1,
    "22": 1,
    "23": 1,
    "25": 1,
    "26": 1
  },
  "self_loop_count": 0,
  "average_clustering": 0.3211924151932206,
  "transitivity": 0.2509667745245048,
  "compute_seconds": 0.02293992042541504,
  "connected_component_count": 18,
  "largest_component_size": 106,
  "largest_component_ratio": 0.2163265306122449,
  "isolated_node_count": 8,
  "component_sizes": [
    106,
    54,
    47,
    47,
    44,
    41,
    39,
    38,
    36,
    30,
    1,
    1,
    1,
    1,
    1,
    1,
    1,
    1
  ],
  "average_shortest_path_length_lcc": 2.490566037735849,
  "diameter_lcc": 5,
  "radius_lcc": 3,
  "approx_average_shortest_path_length_lcc": null,
  "approx_eccentricity_sample_size": 0
}